<?xml version="1.0" encoding="utf-8"?>
<!DOCTYPE configuration PUBLIC
"-//mybatis.org//DTD Config 3.0//EN"
"http://mybatis.org/dtd/mybatis-3-config.dtd">
<configuration>
	<typeAliases>
		<typeAlias
		type="mybatissample01.CityInfo"
		alias="CityInfo" />
		<typeAlias type="member.model.vo.Member" alias="Member" />
		<typeAlias type="notice.model.vo.Notice" alias="Notice" />
		<typeAlias type="board.model.vo.Board" alias="Board" />
	</typeAliases>
	<environments default="development">
		<environment id="development">
			<transactionManager type="JDBC" />
			<dataSource type="POOLED">
				<property name="driver" value="com.mysql.jdbc.Driver" />
				<property name="url" value="jdbc:mysql://localhost:3306/world" />
				<property name="username" value="root" />
				<property name="password" value="root" />
			</dataSource>
		</environment>
	</environments>
	<mappers>
		<mapper resource="mybatissample01/mybatis-mapper.xml" />
	</mappers>
</configuration>
